{
    "GRAB": [
        0.0,
        0.0,
        0.0,
        -0.332356977719769,
        -0.09204136767846875,
        -0.06068265737628007,
        -0.6494748878878157,
        -0.33926680980307267,
        -0.10206983749755918,
        -0.7631679556726234,
        -0.710704258492854,
        -0.16708422935038483,
        -0.6265106071597523,
        -0.9982685241397057,
        -0.206614562582853,
        -0.5390959391690591,
        -0.8526361034513105,
        0.06219797453932484,
        -0.7492692361276047,
        -1.063975630578984,
        -0.11681841256909872,
        -0.6561880615504428,
        -0.7358833965169083,
        -0.1913120383895751,
        -0.5518826566144388,
        -0.6602734605686821,
        -0.21093406515710098,
        -0.35809342349411244,
        -0.9333954192751568,
        0.023282854773854826,
        -0.5634080814315264,
        -1.1662406227316902,
        -0.15972120700186676,
        -0.4586730987161377,
        -0.7337351809448676,
        -0.1548136892162938,
        -0.35140050368876424,
        -0.6756797857805147,
        -0.09075696588732923,
        -0.16099497143449587,
        -0.9760928371450526,
        -0.05232535336925824,
        -0.3577148070330426,
        -1.1740194106272852,
        -0.2395227726330726,
        -0.27528781473485514,
        -0.7368777955742823,
        -0.14990844794794522,
        -0.16884105440427588,
        -0.6616647698937005,
        -0.024300081354176425,
        0.06559636357447872,
        -0.9766344644897065,
        -0.13685413253842554,
        -0.1331860987153492,
        -1.171311927254251,
        -0.22282483525861388,
        -0.12177827694052663,
        -0.8829740949293895,
        -0.1447717777761116,
        -0.04110781674861393,
        -0.7880968605567472,
        -0.05182137533188509
    ],
    "PICK": [
        0.0,
        0.0,
        0.0,
        -0.245083797810207,
        -0.09539187571212082,
        -0.03397794413345618,
        -0.5001541641141991,
        -0.35168760077617606,
        -0.06381929730077368,
        -0.6937954798722423,
        -0.516746648007528,
        -0.11095690773304752,
        -0.8845467076429852,
        -0.5326091565667717,
        -0.16348006722325725,
        -0.4386064624619674,
        -0.7969668328143237,
        0.022315787625280532,
        -0.6489155483482906,
        -0.8297798866003234,
        -0.12874817434550176,
        -0.8059683562100095,
        -0.7304222331759217,
        -0.27017332905790686,
        -0.9106695254462959,
        -0.6257725597243419,
        -0.35176943511110115,
        -0.3400805713613048,
        -0.9395731156237581,
        -0.039339107509352454,
        -0.5431877760122118,
        -1.295144883833528,
        -0.1271189049349264,
        -0.6513144689387703,
        -1.5621417943335236,
        -0.2066173859099149,
        -0.7332096307387489,
        -1.8090681474579224,
        -0.2591937915897938,
        -0.17640558627329267,
        -0.9824971107636821,
        -0.1249915229723562,
        -0.293461527809984,
        -1.3941116511260638,
        -0.24184413521000356,
        -0.37090998342881454,
        -1.6671930445623324,
        -0.31600873701118104,
        -0.45213931376688615,
        -1.9058764583944119,
        -0.35730929742373824,
        0.016789432683960805,
        -0.9237097036296951,
        -0.21429953685964248,
        0.08279588631493277,
        -1.23732806684053,
        -0.30770035515913075,
        0.1352191974360387,
        -1.4686266538862622,
        -0.33436224122624963,
        0.16418452232616076,
        -1.679033310733082,
        -0.3473625929913597
    ],
    "DEFAULT": [
        0.0,
        0.0,
        0.0,
        -0.29843154386217413,
        -0.05238200136105552,
        -0.02588423404847409,
        -0.5627725438112118,
        -0.3044465720784406,
        0.0034938538230078137,
        -0.725696463827576,
        -0.48399785634447506,
        0.025990770883864433,
        -0.8565376490271251,
        -0.49982946229628966,
        0.046423778191252166,
        -0.4538303254634728,
        -0.8517501775896885,
        0.06942861285316188,
        -0.5963274853192693,
        -1.1497072815248868,
        0.06642719614876559,
        -0.6570499812295396,
        -1.3359638254942316,
        0.05145236627734632,
        -0.694921830743149,
        -1.4879278170840289,
        0.03048042015439113,
        -0.2759500259425158,
        -0.9604570065410658,
        0.037066450713547104,
        -0.3911997325250564,
        -1.3171115684231418,
        0.039123136625143856,
        -0.44918973011781904,
        -1.530252036570538,
        0.01345523648477577,
        -0.4923275828517703,
        -1.6922874854481196,
        -0.010075577486000548,
        -0.08135234134144105,
        -0.9796889447702393,
        -0.011907126354897714,
        -0.14966458391829435,
        -1.314861801424888,
        -0.0617967087818151,
        -0.2005855773517039,
        -1.5285434713591615,
        -0.13076302241494112,
        -0.2486168590555802,
        -1.715604711101155,
        -0.1807844536263906,
        0.12452249820115097,
        -0.9206182664904295,
        -0.06315699513735598,
        0.21191248064688958,
        -1.1728748313952404,
        -0.1388083649351407,
        0.2780146903001723,
        -1.3258179610367833,
        -0.1964709736733915,
        0.3302655369106476,
        -1.4687645789623023,
        -0.23666439956480573
    ]
}