{
    "GRAB": [
        0.0,
        0.0,
        0.0,
        -0.332356977719769,
        -0.09204136767846875,
        -0.06068265737628007,
        -0.6494748878878157,
        -0.33926680980307267,
        -0.10206983749755918,
        -0.7631679556726234,
        -0.710704258492854,
        -0.16708422935038483,
        -0.6265106071597523,
        -0.9982685241397057,
        -0.206614562582853,
        -0.5390959391690591,
        -0.8526361034513105,
        0.06219797453932484,
        -0.7492692361276047,
        -1.063975630578984,
        -0.11681841256909872,
        -0.6561880615504428,
        -0.7358833965169083,
        -0.1913120383895751,
        -0.5518826566144388,
        -0.6602734605686821,
        -0.21093406515710098,
        -0.35809342349411244,
        -0.9333954192751568,
        0.023282854773854826,
        -0.5634080814315264,
        -1.1662406227316902,
        -0.15972120700186676,
        -0.4586730987161377,
        -0.7337351809448676,
        -0.1548136892162938,
        -0.35140050368876424,
        -0.6756797857805147,
        -0.09075696588732923,
        -0.16099497143449587,
        -0.9760928371450526,
        -0.05232535336925824,
        -0.3577148070330426,
        -1.1740194106272852,
        -0.2395227726330726,
        -0.27528781473485514,
        -0.7368777955742823,
        -0.14990844794794522,
        -0.16884105440427588,
        -0.6616647698937005,
        -0.024300081354176425,
        0.06559636357447872,
        -0.9766344644897065,
        -0.13685413253842554,
        -0.1331860987153492,
        -1.171311927254251,
        -0.22282483525861388,
        -0.12177827694052663,
        -0.8829740949293895,
        -0.1447717777761116,
        -0.04110781674861393,
        -0.7880968605567472,
        -0.05182137533188509
    ],
    "PICK": [
        0.0,
        0.0,
        0.0,
        -0.2670166156401571,
        -0.1189038957299626,
        -0.03925245415229759,
        -0.4928973187938361,
        -0.309436640169287,
        -0.09510444484753247,
        -0.7085808940583761,
        -0.43786571273155,
        -0.16756588747697596,
        -0.8500680837704465,
        -0.5751282528561487,
        -0.23796876053817792,
        -0.2959278639496541,
        -0.8453072134597855,
        0.0008028967420688054,
        -0.5235493515850226,
        -0.9184995381643483,
        -0.17069196967647368,
        -0.7073091523752468,
        -0.8153114969654855,
        -0.3224680878016045,
        -0.8010249343908775,
        -0.6936740954021554,
        -0.401265366567369,
        -0.2095105940522796,
        -0.9762893907790469,
        -0.054445720053449435,
        -0.3326685189735798,
        -1.4018019250430211,
        -0.154125964334824,
        -0.432447495260709,
        -1.6982910940560072,
        -0.21737402332562544,
        -0.507506369768773,
        -1.9470148687417659,
        -0.25175775976310455,
        -0.08283914340550062,
        -0.9960933055112245,
        -0.1355390803641028,
        -0.08603619409986292,
        -1.4779517965367472,
        -0.23742019093178487,
        -0.11024704941191991,
        -1.781254628298928,
        -0.27505441114434137,
        -0.14422224184037832,
        -2.0446905402889777,
        -0.28451962609506753,
        0.04254682071423521,
        -0.896453839389821,
        -0.22308996700143166,
        0.12968981837026117,
        -1.2287880150351964,
        -0.2934107790492042,
        0.17258404001441902,
        -1.4666621253670058,
        -0.2898276700514116,
        0.1996084648756418,
        -1.6821723437876825,
        -0.2737274538460519
    ],
    "DEFAULT": [
        0.0,
        0.0,
        0.0,
        -0.29843154386217413,
        -0.05238200136105552,
        -0.02588423404847409,
        -0.5627725438112118,
        -0.3044465720784406,
        0.0034938538230078137,
        -0.725696463827576,
        -0.48399785634447506,
        0.025990770883864433,
        -0.8565376490271251,
        -0.49982946229628966,
        0.046423778191252166,
        -0.4538303254634728,
        -0.8517501775896885,
        0.06942861285316188,
        -0.5963274853192693,
        -1.1497072815248868,
        0.06642719614876559,
        -0.6570499812295396,
        -1.3359638254942316,
        0.05145236627734632,
        -0.694921830743149,
        -1.4879278170840289,
        0.03048042015439113,
        -0.2759500259425158,
        -0.9604570065410658,
        0.037066450713547104,
        -0.3911997325250564,
        -1.3171115684231418,
        0.039123136625143856,
        -0.44918973011781904,
        -1.530252036570538,
        0.01345523648477577,
        -0.4923275828517703,
        -1.6922874854481196,
        -0.010075577486000548,
        -0.08135234134144105,
        -0.9796889447702393,
        -0.011907126354897714,
        -0.14966458391829435,
        -1.314861801424888,
        -0.0617967087818151,
        -0.2005855773517039,
        -1.5285434713591615,
        -0.13076302241494112,
        -0.2486168590555802,
        -1.715604711101155,
        -0.1807844536263906,
        0.12452249820115097,
        -0.9206182664904295,
        -0.06315699513735598,
        0.21191248064688958,
        -1.1728748313952404,
        -0.1388083649351407,
        0.2780146903001723,
        -1.3258179610367833,
        -0.1964709736733915,
        0.3302655369106476,
        -1.4687645789623023,
        -0.23666439956480573
    ]
}