{
    "L-GRAB": [
        0.0,
        0.0,
        0.0,
        0.3903645640610285,
        0.03624316969149566,
        -0.05512664047271177,
        0.6185363073822221,
        0.08607945482058191,
        -0.2348330267249138,
        0.791165838724457,
        0.09986681611380907,
        -0.4261379031648574,
        0.7193039040292993,
        0.038647458908968785,
        -0.6024890851481689,
        0.6635057282771506,
        -0.7295525706741194,
        -0.37031781002540193,
        0.9153994908144,
        -0.3449501720336901,
        -0.5905828257693689,
        0.792710171553151,
        -0.11594743458551561,
        -0.6499880374737522,
        0.6582734939710764,
        -0.14583721131255112,
        -0.6817062903006377,
        0.4382048616301344,
        -0.7593046411792576,
        -0.4810747978509721,
        0.7162511250829962,
        -0.2969072590572014,
        -0.7088286958171781,
        0.5829843181547227,
        -0.05361185615569368,
        -0.6919210572502552,
        0.4960506873552009,
        -0.13582518019552142,
        -0.6666224914631728,
        0.22178186151962379,
        -0.6430994364424771,
        -0.592649382499469,
        0.4718318539559904,
        -0.1751373862359929,
        -0.7694144960186061,
        0.3973914349843526,
        0.006197081048393031,
        -0.665618928017452,
        0.3335968449835667,
        -0.09387361493745121,
        -0.589431741447545,
        0.025329755915172884,
        -0.45913843522482317,
        -0.7126601441388974,
        0.20955557215858317,
        -0.04186160762994838,
        -0.8343035102822719,
        0.2326137474321735,
        0.080359859709944,
        -0.7935612549326347,
        0.23861694390054491,
        -0.005933229424276647,
        -0.7549439023249115
    ],
    "L-PICK": [
        0.0,
        0.0,
        0.0,
        0.3693779148253871,
        -0.009874905762982736,
        -0.0962694786536125,
        0.6697322034003909,
        -0.09606277397892768,
        -0.24133738358680615,
        0.9392102358968508,
        -0.04518221245625872,
        -0.3961257680629284,
        1.1885681048084074,
        0.0764370697918616,
        -0.5631069598517555,
        0.6495217911255934,
        -0.6888732979784212,
        -0.30721621851757824,
        1.0234398429766898,
        -0.6157312287853943,
        -0.6257737786543458,
        1.1760177501622067,
        -0.3283582231166587,
        -0.8601541818366425,
        1.281447919536118,
        -0.04813517913896005,
        -0.9973398240619947,
        0.4922402404202616,
        -0.7577422825446204,
        -0.42839955526946044,
        0.789116937936522,
        -1.11650975862827,
        -0.6655410081557785,
        1.0009111597850902,
        -1.3853522335023105,
        -0.863831723608057,
        1.1868786197842234,
        -1.6693078549463523,
        -1.0108183366192005,
        0.24259598889930026,
        -0.671659807068852,
        -0.5628836158906806,
        0.3934310990787449,
        -1.1402020712444112,
        -0.8172601984413413,
        0.5132129032259382,
        -1.448980637936651,
        -1.0045093006470949,
        0.6462169407379571,
        -1.7722791476683193,
        -1.131050029869904,
        -0.03793646156912673,
        -0.4748009431024171,
        -0.6931696657440949,
        -0.08449752133524087,
        -0.7025467747927173,
        -0.9051620530311141,
        -0.09486947206562125,
        -0.8820572057430018,
        -0.9897442209888682,
        -0.06996286517379015,
        -1.0915907779392569,
        -1.048017172129452
    ],
    "R-GRAB": [
        0.0,
        0.0,
        0.0,
        -0.3882274235102203,
        -0.024229150266145045,
        -0.08489055146417879,
        -0.6656647073724267,
        -0.010234530280498876,
        -0.2687885698299287,
        -0.8517105499255645,
        0.13547735057675864,
        -0.44032079705952076,
        -0.7899408463219559,
        0.24998227289763864,
        -0.5995871630656404,
        -0.6731403676988276,
        -0.7359439909115667,
        -0.47583143119487176,
        -1.0351786849913636,
        -0.23964951171816484,
        -0.6549610896079161,
        -0.8642562641513305,
        -0.015376287483126421,
        -0.6796036501280358,
        -0.7259445975623707,
        -0.09025160830418498,
        -0.6978745973373727,
        -0.4321970447283886,
        -0.7159096808733717,
        -0.5483420860738617,
        -0.8346216566222081,
        -0.09699119351193013,
        -0.7196651786689382,
        -0.6571582135680797,
        0.09711174961521754,
        -0.6484987309078395,
        -0.5238735263666351,
        -0.02083440596333499,
        -0.5986055763619129,
        -0.20358275017715333,
        -0.5082474592446713,
        -0.6163225301924721,
        -0.5742160084805332,
        0.08303557697146517,
        -0.7433010694616619,
        -0.44933163903822004,
        0.2350098089631057,
        -0.6072467436781568,
        -0.3175421495644212,
        0.10656056402864823,
        -0.5222683158013977,
        -0.022664284768571172,
        -0.23109843316755851,
        -0.6911542512027556,
        -0.29740967428961695,
        0.25713040934430226,
        -0.806866441778016,
        -0.2597591364897316,
        0.3397583543499677,
        -0.7630341205663695,
        -0.16851261202159734,
        0.21578688877693827,
        -0.7234232985031168
    ],
    "R-PICK": [
        0.0,
        0.0,
        0.0,
        -0.36272787343772195,
        0.10664709561741803,
        -0.09884707290605659,
        -0.6688653831392154,
        0.07820677392907652,
        -0.26095107405904966,
        -0.9080068577578367,
        0.12648122676292672,
        -0.4237444656424651,
        -1.1713632196645112,
        0.2387388776270891,
        -0.6133959809589281,
        -0.7963962964974063,
        -0.48282497184670636,
        -0.4113426316441214,
        -1.1743875667158865,
        -0.460386545364833,
        -0.6925090724320901,
        -1.2658304598321684,
        -0.12049299177483293,
        -0.896441144465629,
        -1.2994095532993262,
        0.19569628843060607,
        -1.029971360118467,
        -0.6147303171722686,
        -0.5774953445209299,
        -0.5372204056120119,
        -0.9866704901014324,
        -0.8710670976035877,
        -0.7671400944764314,
        -1.2657402770941972,
        -0.9862232444331767,
        -0.9627270379182912,
        -1.509270349832578,
        -1.1022862779826168,
        -1.1170966756021856,
        -0.33919536465086775,
        -0.5407688355535245,
        -0.6664078101733452,
        -0.5309352490930577,
        -0.9182823775794137,
        -0.9315455657428348,
        -0.7542459219343723,
        -1.1012448128150778,
        -1.1593737866356923,
        -0.9764790818096603,
        -1.2740263378897576,
        -1.3309112199702806,
        -0.030326949626040208,
        -0.42569439706717455,
        -0.7843156688625885,
        0.04244103365399878,
        -0.6139539614279943,
        -1.0543491581589843,
        0.027543553648767653,
        -0.764296048152773,
        -1.199298051537725,
        -0.02323400771867447,
        -0.9205089931744289,
        -1.3073016827298156
    ],