{
    "DEFAULT": [
        0.0,
        0.0,
        0.0,
        0.29897952146909645,
        -0.12241944329182815,
        -0.10619139531938153,
        0.4986489487433395,
        -0.42728407180861266,
        -0.12954834785513172,
        0.6064260467174619,
        -0.7075892469352657,
        -0.1463812711810381,
        0.7398054280027339,
        -0.844532317125345,
        -0.16251248929889633,
        0.33317164702694535,
        -0.9219632780299617,
        -0.053693081178326954,
        0.43986196790163995,
        -1.2617949063128084,
        -0.1068660436382915,
        0.4973106961230106,
        -1.4807247949026627,
        -0.15845083728073922,
        0.5390034453182194,
        -1.6735604359341683,
        -0.2024868923737008,
        0.15434752618972042,
        -0.9864386717770911,
        -0.05581745230447004,
        0.2119049016021599,
        -1.3773033506109427,
        -0.10095915374436033,
        0.24811279878082348,
        -1.6234817105698836,
        -0.15112849155267102,
        0.279826791778337,
        -1.8411233974925982,
        -0.19142746285135684,
        -0.022716266001197354,
        -0.9563742239136431,
        -0.07485948908589476,
        0.0017594130800903187,
        -1.3313144595374282,
        -0.14162018379607882,
        0.026243027068590885,
        -1.5689646253749394,
        -0.20952389616799177,
        0.05453936397288822,
        -1.7803241547005821,
        -0.25879797234771856,
        -0.2051214715013503,
        -0.8379652658404563,
        -0.10390979476978675,
        -0.30837445160916593,
        -1.08062968265904,
        -0.18816940139431923,
        -0.381215068691122,
        -1.2424151162002646,
        -0.24155906216466577,
        -0.4396202584203856,
        -1.4078707495161926,
        -0.2761706505699157
    ],
    "GRAB": [
        0.0,
        0.0,
        0.0,
        0.3652921009352171,
        -0.11109038826052269,
        -0.07959699454288904,
        0.6429287927390392,
        -0.4834336709984469,
        -0.09240727772453626,
        0.6360249723443641,
        -0.9427173111329706,
        -0.11012880826469489,
        0.407240844929143,
        -1.096457128411125,
        -0.11112181737680953,
        0.5312350026127592,
        -0.8335073201153285,
        0.048736249816390624,
        0.6795245001810322,
        -1.1309667894029285,
        -0.03812243860000452,
        0.5980960341132692,
        -0.8627448086147594,
        -0.09444865268243212,
        0.5070299677692364,
        -0.6873100261591406,
        -0.11877256564650997,
        0.34494801707762174,
        -0.9377792672927933,
        0.03976067592494663,
        0.47613045603548465,
        -1.2796056032894052,
        -0.0668451081935943,
        0.40645642250365843,
        -0.9237733658904081,
        -0.10901431065193,
        0.31644323084375325,
        -0.7189385458613176,
        -0.10102628459827355,
        0.1477267329710258,
        -0.9915074829476975,
        0.011750268102168386,
        0.27102307897315403,
        -1.3135566044585583,
        -0.11542233841239212,
        0.24387656265342905,
        -0.9289995649072942,
        -0.0942997070879542,
        0.15399513425808722,
        -0.6945114427120976,
        -0.034877267940728346,
        -0.07527438275322776,
        -1.0159259660702638,
        -0.021275614681905673,
        0.07341758796427993,
        -1.282153436881756,
        -0.09416928428884519,
        0.09719695768209508,
        -1.0556848128166962,
        -0.04593029070369439,
        0.040222275798432426,
        -0.8841442300212405,
        0.015167919465896936
    ],
    "PICK": [
        0.0,
        0.0,
        0.0,
        0.2641216826760537,
        -0.11661830924321664,
        -0.09753804132628563,
        0.4790392288391056,
        -0.3421794568468355,
        -0.15950722350472907,
        0.6651323254712593,
        -0.5452989608267834,
        -0.22562347865462698,
        0.8319417996100829,
        -0.6702446091198443,
        -0.28668269162165144,
        0.3086436410423398,
        -0.8405227734176598,
        -0.05372287282339103,
        0.5279353802891462,
        -0.9543638491628461,
        -0.19462281522398642,
        0.6796750580683989,
        -0.9000306542156951,
        -0.3100891789740186,
        0.7862976080895431,
        -0.809067031023141,
        -0.3709059543526746,
        0.17679651047240252,
        -0.9809200121897357,
        -0.08086361091659502,
        0.2964742051068415,
        -1.3880947176884098,
        -0.15860823129361373,
        0.39182678319444675,
        -1.6529642203049213,
        -0.21179027754989463,
        0.4553545736051179,
        -1.8897988625470474,
        -0.2424719894015114,
        0.022302748399198255,
        -1.0070011132894434,
        -0.1340019693407218,
        0.061276278692226877,
        -1.4362490881207959,
        -0.23542681011779465,
        0.10288076635316488,
        -1.7133990757532414,
        -0.2904943422715061,
        0.13701208704519424,
        -1.9453104861800927,
        -0.31162396701074496,
        -0.14562711366746678,
        -0.9305701578226903,
        -0.1966860299744711,
        -0.2369649823259611,
        -1.2374199032967808,
        -0.289371857495469,
        -0.2974931055820189,
        -1.4359679427147376,
        -0.3091220916177531,
        -0.34481158844973436,
        -1.611921855708244,
        -0.30669599631854805
    ]
}